<?xml version="1.0"?>

<document>
	<transition id="test" language="JavaScript"><![CDATA[

function rotate (comp, from, to, duration) {
	importPackage(java.lang);
	angle = from;
	diff = (to - from) / duration;
	while (angle < to) {
		comp.changeRotationAngle(angle);
		angle = angle + diff;
		Thread.sleep(1);
	}
	comp.changeRotationAngle(to);
}

function before (mainComponent, slideContainer, nextSlide) {
	slideContainer.changeScale(0.5, 1000);
	importPackage(java.lang);
	Thread.sleep(1000);
	//rotate(slideContainer, 0, 3.14, 50);
}

function after (mainComponent, slideContainer, nextSlide) {
	slideContainer.addChild(nextSlide);
	//slideContainer.setScale(1);
	//rotate(slideContainer, 3.14, 6.28, 50);
}

		]]>
	</transition>
	<slide id="1">
		<img src="back.png" width="0.2" height="0.2" z="0.0" />
		<text width="0.1" height="0.01" x="-0.05">Présentation du projet Looking Glass</text>
		
		<text color="#0033dd" width="0.1" height="0.005" x="-0.025" y="-0.03">Pierre Ducroquet</text>
		<text color="#ffeeddff" width="0.1" height="0.005" x="-0.028" y="-0.05">Bidouilleur itinérant</text>
	</slide>
	<slide id="2" transition="org/jdesktop/lg3d/apps/presentoire/transition/ScaleTransition.class">
		<img src="back.png" width="0.2" height="0.2" z="0.0" />
		<text color="white" width="0.18" x="-0.095" y="0.07" height="0.03">Introduction : évolution des interfaces graphiques ?</text>
		<img src="win31.png" width="0.08" height="0.08" x="-0.05" y="0.025" />
		<text width="0.08" height="0.01" x="-0.09" y="-0.021">Windows 3.0 : 1990</text>
		<img src="kde.png" width="0.08" height="0.08" x="0.05" y="-0.025" />
		<text width="0.08" height="0.01" x="0.01" y="-0.075">KDE 3.5 / X.org 7.0 : début 2006</text>
	</slide>
	<slide id="3" transition="test">
		<ul width="0.1" height="0.1" x="-0.1" y="0.1" color="black">
			<li>Hi there !</li>
			<li>How are you ?</li>
		</ul>
		<img src="back.png" width="0.2" height="0.2" z="0.0" />
	</slide>
</document>
